{
  "acc": 0.7603211009174312,
  "train_time": [
    19.56371283531189
  ],
  "inference_time": [
    0.20025344036697248,
    0.1905184633027523,
    0.18846227064220183,
    0.20150080275229357,
    0.1971762614678899
  ],
  "num_params": 1038337,
  "FLOPs": 2075137,
  "num_layers": 2,
  "hidden_size": 512,
  "vocab_size": 1000
}