{
  "acc": 0.823394495412844,
  "train_time": [
    40.442429065704346
  ],
  "inference_time": [
    0.23853474770642202,
    0.2327197247706422,
    0.23174071100917432,
    0.22584610091743118,
    0.2350538990825688
  ],
  "num_params": 2626305,
  "FLOPs": 5252097,
  "num_layers": 1,
  "hidden_size": 256,
  "vocab_size": 10000
}