{
  "acc": 0.8211009174311926,
  "train_time": [
    35.54814791679382
  ],
  "inference_time": [
    0.3130455275229358,
    0.30758864678899084,
    0.3059678899082569,
    0.31535,
    0.30750172018348626
  ],
  "num_params": 1948417,
  "FLOPs": 3896193
}