{
  "acc": 0.8153669724770642,
  "train_time": [
    38.59404683113098
  ],
  "inference_time": [
    0.22811605504587157,
    0.2128098623853211,
    0.2092900229357798,
    0.20320080275229357,
    0.21442064220183485
  ],
  "num_params": 2823681,
  "FLOPs": 5646337
}