{
  "acc": 0.8130733944954128,
  "train_time": [
    123.61805510520935
  ],
  "inference_time": [
    0.7990616972477064,
    0.7708907110091743,
    0.7779252293577982,
    0.787870871559633,
    0.7785149082568807
  ],
  "num_params": 8054785,
  "FLOPs": 16108033
}