{
  "acc": 0.8291284403669725,
  "train_time": [
    95.00891780853271
  ],
  "inference_time": [
    0.496176376146789,
    0.5221036697247706,
    0.4835587155963303,
    0.48701077981651375,
    0.4908396788990826
  ],
  "num_params": 6171649,
  "FLOPs": 12340737,
  "num_layers": 4,
  "hidden_size": 512,
  "vocab_size": 10000
}