{
  "acc": 0.819954128440367,
  "train_time": [
    135.7003698348999
  ],
  "inference_time": [
    0.8841744266055046,
    0.8911424311926606,
    0.8871580275229358,
    0.8765126146788991,
    0.8817463302752293
  ],
  "num_params": 8580097,
  "FLOPs": 17157633
}