{
  "acc": 0.7568807339449541,
  "train_time": [
    5.776771783828735
  ],
  "inference_time": [
    0.1595230504587156,
    0.14887775229357797,
    0.1548086009174312,
    0.1427658256880734,
    0.16116238532110091
  ],
  "num_params": 322305,
  "FLOPs": 644097,
  "num_layers": 1,
  "hidden_size": 256,
  "vocab_size": 1000
}