{
  "acc": 0.819954128440367,
  "train_time": [
    22.586631298065186
  ],
  "inference_time": [
    0.20869793577981652,
    0.2132143348623853,
    0.21101077981651375,
    0.20219105504587156,
    0.2162552752293578
  ],
  "num_params": 1313281,
  "FLOPs": 2626177,
  "num_layers": 2,
  "hidden_size": 128,
  "vocab_size": 10000
}