{
  "acc": 0.7763761467889908,
  "train_time": [
    31.248990297317505
  ],
  "inference_time": [
    0.2637418577981651,
    0.24447029816513763,
    0.2502354357798165,
    0.24695045871559634,
    0.2408572247706422
  ],
  "num_params": 1563649,
  "FLOPs": 3124737,
  "num_layers": 4,
  "hidden_size": 512,
  "vocab_size": 1000
}