{
  "acc": 0.8256880733944955,
  "train_time": [
    26.213282823562622
  ],
  "inference_time": [
    0.21378933486238533,
    0.21783142201834862,
    0.21120802752293577,
    0.21326204128440368,
    0.19955206422018348
  ],
  "num_params": 1412097,
  "FLOPs": 2823425,
  "num_layers": 2,
  "hidden_size": 256,
  "vocab_size": 5000
}