{
  "acc": 0.8119266055045872,
  "train_time": [
    14.089231967926025
  ],
  "inference_time": [
    0.19030114678899082,
    0.1949544724770642,
    0.19036479357798164,
    0.18348772935779817,
    0.19609942660550458
  ],
  "num_params": 673281,
  "FLOPs": 1346177
}