{
  "acc": 0.8302752293577982,
  "train_time": [
    68.90321278572083
  ],
  "inference_time": [
    0.3704259174311927,
    0.3749881880733945,
    0.37385355504587153,
    0.36812006880733944,
    0.3543558486238532
  ],
  "num_params": 4027905,
  "FLOPs": 8054529
}