{
  "acc": 0.8348623853211009,
  "train_time": [
    28.260443925857544
  ],
  "inference_time": [
    0.2683485091743119,
    0.27362729357798166,
    0.26705779816513764,
    0.2683261467889908,
    0.28653589449541284
  ],
  "num_params": 1543681,
  "FLOPs": 3086081
}