{
  "acc": 0.8268348623853211,
  "train_time": [
    23.649035930633545
  ],
  "inference_time": [
    0.2087342889908257,
    0.19705080275229359,
    0.19272683486238532,
    0.19181077981651376,
    0.18990974770642202
  ],
  "num_params": 1296769,
  "FLOPs": 2593281,
  "num_layers": 1,
  "hidden_size": 128,
  "vocab_size": 10000
}