{
  "acc": 0.819954128440367,
  "train_time": [
    11.556947469711304
  ],
  "inference_time": [
    0.15347052752293577,
    0.14350091743119267,
    0.1456415137614679,
    0.1571112385321101,
    0.1523538990825688
  ],
  "num_params": 656769,
  "FLOPs": 1313281
}