{
  "acc": 0.8245412844036697,
  "train_time": [
    32.40729022026062
  ],
  "inference_time": [
    0.2546620412844037,
    0.2534424311926606,
    0.2523737385321101,
    0.25344048165137617,
    0.24885321100917432
  ],
  "num_params": 1915393,
  "FLOPs": 3830401
}