{
  "acc": 0.8325688073394495,
  "train_time": [
    75.95487427711487
  ],
  "inference_time": [
    0.34398119266055044,
    0.3489865825688073,
    0.3505011467889908,
    0.3282592889908257,
    0.34364759174311926
  ],
  "num_params": 5383681,
  "FLOPs": 10766337,
  "num_layers": 1,
  "hidden_size": 512,
  "vocab_size": 10000
}