{
  "acc": 0.8119266055045872,
  "train_time": [
    62.19087767601013
  ],
  "inference_time": [
    0.3440362385321101,
    0.36009185779816516,
    0.34976995412844036,
    0.33256949541284403,
    0.36697201834862386
  ],
  "num_params": 3896321,
  "FLOPs": 7791873
}