{
  "acc": 0.7603211009174312,
  "train_time": [
    5.024735927581787
  ],
  "inference_time": [
    0.1521165137614679,
    0.15901639908256882,
    0.15655481651376146,
    0.1698244266055046,
    0.16062844036697246
  ],
  "num_params": 161281,
  "FLOPs": 322177,
  "num_layers": 2,
  "hidden_size": 128,
  "vocab_size": 1000
}