{
  "acc": 0.8188073394495413,
  "train_time": [
    59.262324810028076
  ],
  "inference_time": [
    0.3366243119266055,
    0.33866594036697245,
    0.33556158256880736,
    0.35526548165137617,
    0.33458050458715594
  ],
  "num_params": 3611649,
  "FLOPs": 7220737
}