{
  "acc": 0.8268348623853211,
  "train_time": [
    25.6743266582489
  ],
  "inference_time": [
    0.2494532110091743,
    0.27406479357798164,
    0.2671506880733945,
    0.262490252293578,
    0.256598623853211
  ],
  "num_params": 1346305,
  "FLOPs": 2691969,
  "num_layers": 4,
  "hidden_size": 128,
  "vocab_size": 10000
}