{
  "acc": 0.8222477064220184,
  "train_time": [
    46.60637378692627
  ],
  "inference_time": [
    0.3335072247706422,
    0.30972935779816513,
    0.30600355504587157,
    0.3085620412844037,
    0.3004592889908257
  ],
  "num_params": 2823681,
  "FLOPs": 5646081,
  "num_layers": 4,
  "hidden_size": 256,
  "vocab_size": 10000
}