{
  "acc": 0.7809633027522935,
  "train_time": [
    14.251275539398193
  ],
  "inference_time": [
    0.16147752293577983,
    0.16877316513761467,
    0.16743188073394497,
    0.16854266055045872,
    0.16475642201834861
  ],
  "num_params": 775681,
  "FLOPs": 1550337,
  "num_layers": 1,
  "hidden_size": 512,
  "vocab_size": 1000
}