{
  "acc": 0.8096330275229358,
  "train_time": [
    24.90520167350769
  ],
  "inference_time": [
    0.2326836009174312,
    0.23054220183486238,
    0.22477649082568807,
    0.22867637614678898,
    0.22543589449541285
  ],
  "num_params": 1412097,
  "FLOPs": 2823425
}