{
  "acc": 0.8188073394495413,
  "train_time": [
    13.096826314926147
  ],
  "inference_time": [
    0.18702947247706422,
    0.18554655963302752,
    0.17573325688073393,
    0.18364644495412843,
    0.18352775229357798
  ],
  "num_params": 673281,
  "FLOPs": 1346177,
  "num_layers": 2,
  "hidden_size": 128,
  "vocab_size": 5000
}