{
  "acc": 0.7603211009174312,
  "train_time": [
    7.432850122451782
  ],
  "inference_time": [
    0.16835997706422018,
    0.15922557339449542,
    0.16979094036697248,
    0.1522276376146789,
    0.16450516055045872
  ],
  "num_params": 388097,
  "FLOPs": 775425,
  "num_layers": 2,
  "hidden_size": 256,
  "vocab_size": 1000
}