{
  "acc": 0.819954128440367,
  "train_time": [
    19.844901084899902
  ],
  "inference_time": [
    0.1892184633027523,
    0.16857844036697248,
    0.16628405963302753,
    0.1811927752293578,
    0.1846327981651376
  ],
  "num_params": 1346305,
  "FLOPs": 2692097
}