{
  "acc": 0.8142201834862385,
  "train_time": [
    41.15964221954346
  ],
  "inference_time": [
    0.2178644495412844,
    0.22706743119266054,
    0.22914782110091744,
    0.22492534403669726,
    0.2179368119266055
  ],
  "num_params": 2823681,
  "FLOPs": 5646337,
  "num_layers": 1,
  "hidden_size": 512,
  "vocab_size": 5000
}