{
  "acc": 0.7672018348623854,
  "train_time": [
    11.976036310195923
  ],
  "inference_time": [
    0.21855940366972476,
    0.22267683486238532,
    0.22981949541284405,
    0.2167993119266055,
    0.21409587155963303
  ],
  "num_params": 519681,
  "FLOPs": 1038081,
  "num_layers": 4,
  "hidden_size": 256,
  "vocab_size": 1000
}