{
  "acc": 0.8107798165137615,
  "train_time": [
    16.143890619277954
  ],
  "inference_time": [
    0.2592684633027523,
    0.25524713302752294,
    0.2580395642201835,
    0.25801548165137617,
    0.25347133027522933
  ],
  "num_params": 706305,
  "FLOPs": 1411969,
  "num_layers": 4,
  "hidden_size": 128,
  "vocab_size": 5000
}