{
  "acc": 0.8142201834862385,
  "train_time": [
    47.43308162689209
  ],
  "inference_time": [
    0.2637875,
    0.2611269495412844,
    0.2649087155963303,
    0.26040470183486236,
    0.26024518348623854
  ],
  "num_params": 3086337,
  "FLOPs": 6171137
}