{
  "acc": 0.8096330275229358,
  "train_time": [
    56.94456195831299
  ],
  "inference_time": [
    0.3351627293577982,
    0.33481559633027524,
    0.341183371559633,
    0.33095217889908257,
    0.3254553899082569
  ],
  "num_params": 3611649,
  "FLOPs": 7220737,
  "num_layers": 4,
  "hidden_size": 512,
  "vocab_size": 5000
}