{
  "acc": 0.8153669724770642,
  "train_time": [
    28.184792518615723
  ],
  "inference_time": [
    0.28198245412844036,
    0.2877424311926606,
    0.27760550458715594,
    0.275216628440367,
    0.28099380733944956
  ],
  "num_params": 1543681,
  "FLOPs": 3086081,
  "num_layers": 4,
  "hidden_size": 256,
  "vocab_size": 5000
}