{
  "acc": 0.8130733944954128,
  "train_time": [
    41.5161018371582
  ],
  "inference_time": [
    0.26691949541284404,
    0.2534533256880734,
    0.23941043577981652,
    0.23672786697247705,
    0.2507709862385321
  ],
  "num_params": 2692097,
  "FLOPs": 5383425,
  "num_layers": 2,
  "hidden_size": 256,
  "vocab_size": 10000
}