{
  "acc": 0.8096330275229358,
  "train_time": [
    109.13794207572937
  ],
  "inference_time": [
    0.6010808486238532,
    0.5970995412844037,
    0.6060216743119266,
    0.6085900229357798,
    0.6140120412844037
  ],
  "num_params": 7792129,
  "FLOPs": 15583233
}