{
  "acc": 0.8061926605504587,
  "train_time": [
    55.31885647773743
  ],
  "inference_time": [
    0.2821110091743119,
    0.2902396788990826,
    0.2774196100917431,
    0.2747824541284404,
    0.26434885321100915
  ],
  "num_params": 3830529,
  "FLOPs": 7660545
}