{
  "acc": 0.8084862385321101,
  "train_time": [
    13.75791072845459
  ],
  "inference_time": [
    0.1857466743119266,
    0.17797522935779816,
    0.17765389908256882,
    0.17434759174311926,
    0.17497442660550458
  ],
  "num_params": 656769,
  "FLOPs": 1313281,
  "num_layers": 1,
  "hidden_size": 128,
  "vocab_size": 5000
}