{
  "acc": 0.8188073394495413,
  "train_time": [
    21.367191076278687
  ],
  "inference_time": [
    0.18585366972477063,
    0.1845663990825688,
    0.17337993119266054,
    0.1741505733944954,
    0.19379690366972477
  ],
  "num_params": 1346305,
  "FLOPs": 2692097,
  "num_layers": 1,
  "hidden_size": 256,
  "vocab_size": 5000
}