{
  "acc": 0.8084862385321101,
  "train_time": [
    16.603994369506836
  ],
  "inference_time": [
    0.24844885321100918,
    0.2567969036697248,
    0.24450114678899082,
    0.24768440366972477,
    0.25899094036697246
  ],
  "num_params": 706305,
  "FLOPs": 1411969
}