{
  "acc": 0.7545871559633027,
  "train_time": [
    4.7229790687561035
  ],
  "inference_time": [
    0.18694185779816513,
    0.15481559633027522,
    0.1467144495412844,
    0.1399637614678899,
    0.17546834862385322
  ],
  "num_params": 144769,
  "FLOPs": 289281,
  "num_layers": 1,
  "hidden_size": 128,
  "vocab_size": 1000
}