{
  "acc": 0.8142201834862385,
  "train_time": [
    44.46487593650818
  ],
  "inference_time": [
    0.27194506880733943,
    0.2815598623853211,
    0.27796479357798165,
    0.26591857798165136,
    0.26852534403669726
  ],
  "num_params": 3086337,
  "FLOPs": 6171137,
  "num_layers": 2,
  "hidden_size": 512,
  "vocab_size": 5000
}