{
  "acc": 0.805045871559633,
  "train_time": [
    84.8796033859253
  ],
  "inference_time": [
    0.42431995412844037,
    0.41147844036697245,
    0.40410883027522937,
    0.4092881880733945,
    0.4228947247706422
  ],
  "num_params": 5646337,
  "FLOPs": 11291137,
  "num_layers": 2,
  "hidden_size": 512,
  "vocab_size": 10000
}