{
  "acc": 0.8107798165137615,
  "train_time": [
    30.91147208213806
  ],
  "inference_time": [
    0.20645905963302752,
    0.19490321100917432,
    0.21089174311926606,
    0.2087959862385321,
    0.19310951834862386
  ],
  "num_params": 1898881,
  "FLOPs": 3797505
}