{
  "acc": 0.7545871559633027,
  "train_time": [
    7.1838905811309814
  ],
  "inference_time": [
    0.20527591743119267,
    0.20759678899082568,
    0.2144337155963303,
    0.21692511467889908,
    0.2173126146788991
  ],
  "num_params": 194305,
  "FLOPs": 387969,
  "num_layers": 4,
  "hidden_size": 128,
  "vocab_size": 1000
}